{
    "mse": 0.027773224597799028,
    "r2": 0.9723,
    "best_params": {
        "n_estimators": 209,
        "max_depth": 13,
        "min_samples_split": 4,
        "min_samples_leaf": 2,
        "max_features": 0.7408662069509562
    }
} 